file,file_path,markdown_blob,frontmatter_raw,markdown_body,title,date,day,start_time,start_time_24h,end_time,duration,room,track,session_type,level,level_name,audience,speakers,conference,url,interest,status,tags,description,text,day_encoded,conference_encoded,session_type_encoded,level_name_encoded,status_encoded,track_encoded
"90 Days, 1 Fabric Foundation- Delivering SQL Mirroring at Scale.md","C:\projects\fab\Fabcon2026\Processed\sessions_in_vault\Sessions\90 Days, 1 Fabric Foundation- Delivering SQL Mirroring at Scale.md","---
title: ""90 Days, 1 Fabric Foundation: Delivering SQL Mirroring at Scale""
date: 2026-03-20
day: Friday
start_time: ""10:10 AM""
start_time_24h: ""10:10""
end_time: ""11:10 AM""
duration: 60
room: ""C301""
track: ""[[Data Integration]]""
session_type: ""Sponsor Speaker 60 Minute Session (as part of a sponsorship package)""
level: 300
level_name: ""300 - Technical""
audience:
  -
speakers:
  - ""[[Alex Carvalho]]""
conference: FABCON
url: """"
interest:
status: Not Reviewed
tags:
  - fabcon2026
  - session
---

## Description

In this case study, Protective Industries transformed fragile pipelines by shifting architecture—not the business. See how Fabric SQL Mirroring replaced brittle ingestion, cut technical debt, and delivered a stable, low-latency foundation. Learn how unified ERP analytics, governance, and scalable patterns created a sustainable, enterprise-ready Fabric implementation.

## Key Takeaways

-

## My Notes


## Action Items

- [ ]

## Resources & Links

-
","title: ""90 Days, 1 Fabric Foundation: Delivering SQL Mirroring at Scale""
date: 2026-03-20
day: Friday
start_time: ""10:10 AM""
start_time_24h: ""10:10""
end_time: ""11:10 AM""
duration: 60
room: ""C301""
track: ""[[Data Integration]]""
session_type: ""Sponsor Speaker 60 Minute Session (as part of a sponsorship package)""
level: 300
level_name: ""300 - Technical""
audience:
  -
speakers:
  - ""[[Alex Carvalho]]""
conference: FABCON
url: """"
interest:
status: Not Reviewed
tags:
  - fabcon2026
  - session","## Description

In this case study, Protective Industries transformed fragile pipelines by shifting architecture—not the business. See how Fabric SQL Mirroring replaced brittle ingestion, cut technical debt, and delivered a stable, low-latency foundation. Learn how unified ERP analytics, governance, and scalable patterns created a sustainable, enterprise-ready Fabric implementation.

## Key Takeaways

-

## My Notes


## Action Items

- [ ]

## Resources & Links

-","90 Days, 1 Fabric Foundation: Delivering SQL Mirroring at Scale",2026-03-20,Friday,10:10 AM,10:10,11:10 AM,60,C301,Data Integration,Sponsor Speaker 60 Minute Session (as part of a sponsorship package),300,300 - Technical,[None],['Alex Carvalho'],FABCON,,,Not Reviewed,"['fabcon2026', 'session']","In this case study, Protective Industries transformed fragile pipelines by shifting architecture—not the business. See how Fabric SQL Mirroring replaced brittle ingestion, cut technical debt, and delivered a stable, low-latency foundation. Learn how unified ERP analytics, governance, and scalable patterns created a sustainable, enterprise-ready Fabric implementation.","90 Days, 1 Fabric Foundation: Delivering SQL Mirroring at Scale In this case study, Protective Industries transformed fragile pipelines by shifting architecture—not the business. See how Fabric SQL Mirroring replaced brittle ingestion, cut technical debt, and delivered a stable, low-latency foundation. Learn how unified ERP analytics, governance, and scalable patterns created a sustainable, enterprise-ready Fabric implementation.",0,0,0,0,0,0
